GROUP,PACKAGE,CLASS,INSTRUCTION_MISSED,INSTRUCTION_COVERED,BRANCH_MISSED,BRANCH_COVERED,LINE_MISSED,LINE_COVERED,COMPLEXITY_MISSED,COMPLEXITY_COVERED,METHOD_MISSED,METHOD_COVERED
ProjectOne,com.web.repo,ReimbursementDao,140,338,0,12,43,62,3,17,3,11
ProjectOne,com.web.repo,UserDao,71,239,0,10,23,54,1,15,1,10
ProjectOne,com.web.repo,ManagerDao,4,13,0,0,2,6,2,6,2,6
ProjectOne,com.web.config,EnvironmentConnectionUtil,31,0,2,0,8,0,4,0,3,0
ProjectOne,com.web.controller,ReimbDataController,72,12,0,0,22,5,5,2,5,2
ProjectOne,com.web.controller,ReimbursementController,15,21,0,0,3,7,3,4,3,4
ProjectOne,com.web.controller,ManagerController,17,36,2,0,5,10,2,7,1,7
ProjectOne,com.web.controller,UserController,32,21,2,0,8,7,5,4,4,4
ProjectOne,com.web.service,ReimbursementService,51,31,0,0,12,9,8,6,8,6
ProjectOne,com.web.service,ManagerService,10,36,0,0,2,10,2,7,2,7
ProjectOne,com.web.service,UserService,26,32,0,0,5,9,5,6,5,6
ProjectOne,com.web.servlet,DataServlet,17,0,0,0,5,0,3,0,3,0
ProjectOne,com.web.servlet,IndirectServlet,214,13,39,0,46,5,26,3,3,3
ProjectOne,com.web.model,Manager,0,76,0,0,0,32,0,16,0,16
ProjectOne,com.web.model,Reimbursement,25,126,0,0,13,30,7,15,7,15
ProjectOne,com.web.model,User,3,115,0,0,2,31,1,16,1,16
